,av_num,title,upload_time,author,view,num_danmaku,reply,favorite,coin,share,like,tags
23,8042121,数学分析 复旦 陈纪修,2017-01-16,delicacyyuu,785900,27292,1643,27023,3234,4077,5789,"[数学系专业课, 数学分析, 数学课]"
9,11038879,复旦大学 庄子精读 全48讲 主讲-陈引驰 视频教程,2017-06-03,choitsjilp,125997,1012,110,14011,415,447,790,"[复旦大学 庄子精读 全48讲 主讲-陈引, 庄子]"
6,7126199,复旦大学计量经济学[谢识予： 共72讲],2016-11-16,叁今巧克力,173214,3302,270,12122,552,922,1122,"[复旦大学, 计量经济学]"
21,13647618,【复旦大学公开课】中国文学批评史,2017-08-22,云锦w,42457,439,85,9035,201,288,342,"[汉语言文学, 教育, 考研, 复旦大学, 中文系, 古代文学, 文学批评, 文学理论, 古代文论]"
39,30520826,【西洋通史】北师大 武大 华东师大 复旦历史课,2018-08-28,文采飘逸,97080,637,214,8515,613,422,952,"[演讲, 历史, 学习, 教育, 讲座, 公开课, 线上课堂]"
24,12504500,复旦大学 马克思主义哲学史 全46讲 主讲-吴晓明 视频教程,2017-07-23,choitsjilp,121071,2094,197,7692,505,756,995,[复旦大学 马克思主义哲学史 全46讲 主]
29,14251245,固体物理复旦大学车静光主讲,2017-09-07,月下唱离歌,110795,2062,139,4535,419,410,760,"[科学, 公开课, 固体物理, 物理, 学习, 量子力学, 理论物理]"
30,19813393,【文学课】复旦大学 中国古代文学史 【主讲-陈引驰】【全50讲】,2018-02-20,海鷗叔叔的孤島,32360,90,29,4505,101,140,261,"[公开课, 中国古代文学史, 陈引驰]"
19,19881053,《生理学》-复旦大学-精品课程- 全64讲 【布谷鸟医学网】,2018-02-22,布谷鸟医学网,40535,42,19,4076,74,120,250,"[临床医学, 预习复习, 考试, 医学, 生理学, 预防医学, 护理医学]"
69,3365331,【复旦电子学基础系列】模拟电子电路授课视频,2015-12-11,Aimoeの桜,35842,286,674,3912,261,216,130,"[张建秋, 电子学, 模拟电子电路, 复旦电子工程]"
1,4560020,半导体物理 复旦大学蒋玉龙,2016-05-05,晚辈君,65485,504,45,3146,183,280,323,"[公开课, 科学, 教育, 物理, 课程, 线上课堂]"
17,12499952,复旦大学 《理想国》导读 全55讲 主讲-丁耘 视频教程,2017-07-23,choitsjilp,40171,315,79,3116,136,267,286,[复旦大学 《理想国》导读 全55讲 主讲]
37,4057173,半导体器件原理 共85集 复旦大学 蒋玉龙,2016-03-10,晚辈君,41344,411,70,3039,163,192,233,"[学习, 视频教程, 教学视频, 课程, 教学]"
101,1170653,量子力学 (复旦大学苏汝铿教授),2014-06-04,OriginLab,31358,258,80,2987,95,119,103,"[每天看1P, 物理, 搬运, 公开课, 量子力学量力学, 复旦大学]"
33,7444044,分析化学【复旦大学】,2016-12-09,雪虞,31159,65,24,2963,81,168,117,"[复旦大学, 分析化学]"
27,24033446,【数学】数学分析 复旦大学 陈纪修主讲（高清720P 音画同步）,2018-05-28,言身寸Qc,53514,159,70,2928,346,225,493,"[学习, 数学, 微积分, 教育, 课程, 公开课, 数学分析, 实函分析, 分析学入门]"
40,26781596,【文学】复旦大学 中国新闻传播史  【主讲-黄瑚】 【全56讲】,2018-07-13,海鷗叔叔的孤島,18540,53,43,2792,60,75,179,"[公开课, 主讲-黄瑚]"
32,12487278,复旦大学中国新闻传播史,2017-07-23,正版卖药郎,21225,142,46,2737,124,111,99,"[人文, 教育, 学习, 考研]"
42,50768151,马克思主义哲学史 复旦大学公开课（全46集）,2019-04-28,人文学科名师讲坛,14278,62,51,2661,191,70,427,"[人文, 考试, 文化, 课程, 哲学, 学习, 视频教程, 演讲, 公开课, 复旦大学, 线上课堂]"
11,23738056,【物理】原子物理学 复旦大学 封东来等主讲,2018-05-21,言身寸Qc,31847,268,84,2635,181,149,348,"[公开课, 物理, 学习, 课程, 原子物理, 近代物理]"
13,26028556,复旦大学《生物化学》,2018-07-02,夏雨清澄,42662,312,71,2634,263,224,408,"[学习, 教育, 考试, 公开课]"
28,47391473,《精神分析引论》导读 复旦大学公开课 （全46集）,2019-03-26,人文学科名师讲坛,10247,112,22,2627,133,68,325,"[人文, 学习, 教育, 课程, 演讲, 视频教程, 文化, 考试, 哲学, 公开课, 线上课堂]"
25,8316411,复旦大学 张量分析,2017-01-31,Confidimus,22630,146,49,2541,84,111,93,"[张量分析, 复旦大学]"
34,11918653,复旦大学 概率论 全91讲 主讲-应坚刚 视频教程,2017-07-05,choitsjilp,19140,23,16,2307,46,73,64,[复旦大学 概率论 全91讲 主讲-应坚刚]
18,32753807,【历史/地理/人文】中国历史人文地理（上）（复旦大学/葛剑雄）,2018-09-30,不能更新,27685,105,12,2287,141,142,220,"[科普, 人文, 中国, 历史, 教育, 文化, 地理, 公开课, 复旦大学, 葛剑雄, 历史地理]"
10,17891362,【名师课堂】哲学导论（全集配字幕）--王德峰复旦教授,2018-01-02,ufo333stone,25114,5836,126,2273,131,140,244,"[哲学, 课程, 教育, 大学, 学习, 公开课]"
46,40286326,《理想国》导读【55集】(丁耘：复旦大学),2019-01-09,York1996,12378,105,41,2220,147,73,262,[《导论》]
16,21916070,【基础医学】【复旦大学 上海医学院 生物化学】【 主讲： 汤其群  查锡良 】【64讲全】,2018-04-10,海鷗叔叔的孤島,23317,125,61,2207,99,147,256,"[生物化学, 主讲： 汤其群  查锡良]"
8,18716765,《世说新语》讲读 复旦大学 骆玉明,2018-01-25,RE没有你的无聊世界,20660,67,29,2149,122,105,150,"[世说新语, 骆玉明]"
41,10269543,【历史/政治/思想】隋唐史（韩昇教授/复旦大学）,2017-05-02,竹林散仙,29521,289,27,2144,63,110,147,[历史]
14,36496676,复旦大学公开课：《共产党宣言》导读（张双利教授）,2018-11-22,Jegvar,29687,136,23,2075,185,224,390,"[马克思主义, 公开课, 复旦大学]"
95,12581206,复旦大学 西方美学经典导读 全45讲 主讲-陆扬 视频教程,2017-07-27,choitsjilp,6834,10,12,2061,13,52,26,[复旦大学 西方美学经典导读 全45讲 主]
77,19619236,【艺术类】 【复旦大学】电影艺术概论 【主讲-周斌】,2018-02-15,海鷗叔叔的孤島,7889,5,4,1961,24,39,55,"[课程, 艺术, 周斌, 电影艺术概论]"
89,12505254,复旦大学 西方哲学史（上） 全61讲 主讲-佘碧平 视频教程,2017-07-23,choitsjilp,12029,75,28,1925,35,73,39,[复旦大学 西方哲学史（上） 全61讲 主]
15,33330021,20世纪世界史 复旦大学 主讲人：冯玮教授,2018-10-07,文采飘逸,27753,51,79,1875,40,55,138,"[演讲, 教育, 课程, 考试, 学习, 历史, 讲座, 公开课, 线上课堂]"
12,23119444,【公开课】会计学原理（完）-复旦,2018-05-07,这牛蹄儿有点长,27245,108,25,1865,155,155,280,[公开课]
3,33726502,复旦大学周磊 电动力学（标题版）,2018-10-16,千雨ちさめ,36739,503,97,1821,596,135,511,"[科学, 教育, 学习, 公开课, 理论物理, 周磊, 电动力学, 四大力学]"
36,20280821,【历史/政治】宋辽金史（余蔚教授/复旦大学）,2018-03-03,竹林散仙,17629,79,20,1654,24,51,85,"[人文, 学习, 文化, 公开课]"
35,27867655,复旦大学 卫生统计学（全）  赵耐青白皮书,2018-07-27,Yvette234,26651,276,65,1653,115,177,278,"[考研, 课程, 学习, 教育, 考试, 线上课堂, 预防医学]"
45,33838392,【文学】《金瓶梅》研究 全三十四讲 复旦大学 黄霖 教授 主讲,2018-10-14,上岸排石,39138,191,67,1605,77,111,222,"[人文, 历史, 社会, 明朝, 金瓶梅, 黄霖]"
70,22286472,【复旦大学精品课程】混沌动力学基础 (郝柏林院士主讲),2018-04-19,OriginLab,10204,126,70,1536,107,97,208,"[物理, 混沌, 公开课, 复旦大学, 郝柏林]"
73,11035292,复旦大学 电动力学 全92讲 主讲-周磊 视频教程,2017-06-03,choitsjilp,24566,429,58,1451,87,90,149,[复旦大学 电动力学 全92讲 主讲-周磊]
82,12637421,【微电子】半导体器件原理（复旦大学）,2017-07-27,牛顿不会飞,15531,51,39,1366,205,103,58,"[微电子, 集成电路]"
129,4883760,【复旦大学】病毒学,2016-06-06,生命中国,7434,141,39,1366,42,45,52,[课程]
108,12527290,复旦大学 《精神分析引论》导读 全46讲 主讲-陈学明 视频教程,2017-07-24,choitsjilp,8486,33,28,1365,24,41,37,[复旦大学 《精神分析引论》导读 全46讲]
57,36472222,【地理学】复旦大学 历史自然地理  主讲-满志敏【全50讲】,2018-11-22,海鷗叔叔的孤島,6982,3,3,1353,30,27,92,"[公开课, 地理学]"
96,12503709,复旦大学 科学哲学 全61讲 主讲-张志林 视频教程,2017-07-23,choitsjilp,12123,29,28,1332,52,61,68,[复旦大学 科学哲学 全61讲 主讲-张志]
83,12607525,【微电子】半导体物理（复旦大学）,2017-07-26,牛顿不会飞,17034,61,58,1305,193,98,36,"[半导体, 集成电路]"
97,10988454,【物理】热力学与统计物理II (复旦大学陈焱教授主讲),2017-06-01,OriginLab,14292,188,54,1248,91,56,71,"[科学, 物理, 理论物理, 复旦大学, 统计力学, 统计物理]"
109,12506732,复旦大学 现象学概论 全56讲 主讲-佘碧平 视频教程,2017-07-23,choitsjilp,7703,58,15,1243,22,54,42,[复旦大学 现象学概论 全56讲 主讲-佘]
47,47926439,陈果 复旦大学公开课,2019-04-01,Don_N,6983,9,22,1192,45,59,112,"[演讲, 学习, 课程, 陈果]"
68,23123847,【物理】电动力学 复旦大学 周磊主讲,2018-05-07,言身寸Qc,14492,73,32,1151,111,68,110,"[科学, 物理, 学习, 课程, 公开课, 理论物理, 场论]"
59,32824211,【历史/地理/人文】中国历史人文地理（下）（复旦大学/葛剑雄）,2018-10-01,不能更新,10725,30,8,1149,56,50,75,"[科普, 人文, 历史, 地理, 中国, 公开课, 复旦大学, 人文地理, 葛剑雄, 历史地理]"
110,6846291,【复旦电子学基础系列】信号与通信系统授课视频,2016-10-27,Aimoeの桜,12062,128,288,1146,155,70,54,"[复旦电子工程, 复旦电子学, 汪源源, 信号与通信系统]"
31,33602309,【复旦大学】新闻学概论（全12P）,2018-10-11,白稚卿,7211,27,8,1132,18,29,53,[新闻学]
53,36229662,【历史】日本文明的历史变迁 全四十三讲 复旦大学 冯玮 教授 主讲,2018-11-18,上岸排石,11651,80,28,1059,40,43,101,"[历史, 日本, 冯玮, 复旦大学]"
20,33366375,【复旦大学】遗传学,2018-10-07,AMEN奇奇,13087,41,17,1031,50,59,133,"[科学, 学习, 公开课, 遗传学]"
66,34700239,【哲学】西方马克思主义前沿问题研究 全六十二讲 复旦大学 陈学明 教授 主讲,2018-10-27,上岸排石,6524,1,1,1022,36,49,95,"[哲学, 复旦大学, 西方马克思主义, 陈学明]"
0,37640750,复旦大学药理学63集全集-宇霖医学视频网,2018-12-07,宇霖医学网,12002,14,9,1019,42,55,79,"[读书, 中医, 学习, 新人向, 医学]"
58,32678876,【历史】中西文化交流史 全50讲 复旦大学 姚大力教授 主讲,2018-09-29,上岸排石,13556,41,15,1015,34,87,116,"[历史, 教育, 复旦大学, 中西文化交流史, 姚大力, 边疆史]"
38,28168369,复旦大学 精品课程  流行病学 （卫生综合),2018-07-31,Yvette234,8825,19,37,964,81,59,88,"[学习, 考研, 教育, 考试, 公开课, 预防医学, 流统]"
62,39077395,制度经济学【69集】(韦森：复旦大学),2018-12-26,York1996,4690,14,4,954,42,26,74,"[复旦, 制度经济学]"
2,10289610,数值优化 复旦大学吴立德教授,2017-05-03,塞外小王爷,11444,87,22,945,36,50,64,"[数学, 教育, 学习, 课程, 数值优化]"
118,10498321,深度学习 复旦大学吴立德教授,2017-05-12,塞外小王爷,8667,13,7,938,12,32,15,"[CNN, 神经网络, 数学, 自然语言处理, 稀疏编码, 复旦大学, 理论, BP, 优化, 深度学习]"
72,29596521,【校级精品课程】计算机原理_复旦大学,2018-08-17,JD之友,8818,29,16,906,37,17,55,"[课程, 考试, 教育, 计算机, 学习, 公开课, 复旦大学, 计算机原理]"
94,27447302,【黄霖】中国文学理论批评史 复旦大学,2018-07-22,江北の北,5047,1,7,904,14,27,41,"[复旦大学, 文学理论, 黄霖, 中国文学批评史]"
22,46444771,国际关系导论【54集】(陈玉刚：复旦大学),2019-03-16,York1996,5432,1,7,874,30,13,89,"[个人, 国际体系, 国际组织与国际法, 战争与国际安全, 外交——管理国际行为体之间的关系, 国际关系概论与研究路径, 国际关系的理论视角, 国家的对外战略与对外政策, 国际政治经济, 当代国际关系的历史背景]"
128,11919642,复旦大学医学院 神经生物学 全33讲 主讲-孙风艳 附课件 视频教程,2017-07-05,choitsjilp,6428,21,18,840,28,42,44,[复旦大学医学院 神经生物学 全33讲 主]
50,50062126,《世说新语》导读 复旦大学公开课 （全26集）,2019-04-21,人文学科名师讲坛,3647,2,2,814,34,19,98,"[演讲, 讲座, 学习, 考试, 考研, 哲学, 视频教程, 公开课, 线上课堂]"
145,12580170,复旦大学 西方道德哲学原著选读 全48讲 主讲-白彤东 视频教程,2017-07-27,choitsjilp,3433,12,3,744,16,31,15,[复旦大学 西方道德哲学原著选读 全48讲]
51,48225102,【复旦大学】基于unity 3D引擎的游戏开发 基础+进阶,2019-04-07,逆风微笑的代码狗,4813,6,9,742,49,10,99,"[UNITY3D, 学习, 程序员, 编程, 交互设计, 三维建模]"
117,18617096,复旦大学 张志林 哲学导论 60讲,2018-01-23,yiru1234,6289,38,11,719,36,47,36,"[演讲, 考试, 讲座, 哲学, 公开课]"
127,19827620,【文学课】复旦大学 新闻编辑与评论  【主讲-黄芝晓】【全59讲】,2018-02-20,海鷗叔叔的孤島,2357,0,6,691,21,30,47,"[公开课, 黄芝晓, 新闻编辑与评论]"
5,38299864,中国法制史 复旦大学(郭建),2018-12-16,xxm1995,13811,219,14,672,52,46,106,"[历史, 中国, 教育, 公开课]"
65,37552301,高等有机化学【80集】(王全瑞：复旦大学),2018-12-06,York1996,7488,9,11,652,31,33,84,"[高等有机化学, HUckel分子轨道理论, 有机反应机理, Conformational, Steric, Stereoelectronic, 羰基化合物, 分子重排, 周环反应, 线性自由能关系]"
61,40846829,政治经济学【63集】(张晖明：复旦大学),2019-01-16,York1996,5613,4,4,650,19,21,52,"[商品经济, 资本流通与交易费用, 平均利润、利息和地租, 资本主义再生产与经济危机, 资本积累与国家的经济参与, 资本国际化与国际垄断, 资本积累与企业社会化]"
7,40348142,解析几何【103集】(黄宣国：复旦大学),2019-01-10,York1996,6268,2,7,648,24,15,55,"[非欧几何, 射影平面几何, 曲线与二次曲面, 射影平面上的射影坐标, 直射变换, steiner定理, 正弦定理和余弦定理, 空间仿射变换, 双曲平面几何]"
144,12580571,复旦大学 西方马克思主义前沿问题研究 全28讲 主讲-陈学明 视频教程,2017-07-25,choitsjilp,4146,12,8,628,16,31,19,[复旦大学 西方马克思主义前沿问题研究 全]
64,40082124,区域经济学【46集】(范剑勇：复旦大学),2019-01-06,York1996,6007,15,9,621,20,16,44,"[集聚经济与区位选择, 市场通达性与区位选择, 小地理范围产业集聚的描述方法, 新古典增长与发展理论, Two-level utility Fu, 新经济地理学, 区域经济学导论, 产业结构与发展, 本地市场效应]"
146,12502624,复旦大学 国际安全与战略 全77讲 主讲-唐世平 视频教程,2017-07-23,choitsjilp,5486,19,6,620,11,38,26,[复旦大学 国际安全与战略 全77讲 主讲]
26,40846892,国际金融【58集】(殷醒民：复旦大学),2019-01-16,York1996,5894,3,2,618,19,12,52,"[国际债务问题, 国际资本流动及其理论, 汇率决定的货币分析法, 汇率制度与外汇管理, 固定汇率体系下的经济政策, 外汇和外汇市场]"
56,44271951,复旦大学 当代中国政治制度 全60讲 主讲-浦兴祖 视频教程,2019-02-21,如我所示,6639,0,0,607,25,26,79,"[人文, 演讲, 讲座, 视频教程, 学习, 历史, 文化, 公开课, 北京师范大学, 线上课堂]"
88,24698813,复旦大学 解析几何,2018-06-11,骄傲的魂灵,9911,2,7,583,7,29,30,"[数学, 教育, 考试, 学习, 公开课]"
76,30622959,世界文明史通论 复旦大学 吴以义,2018-08-31,PeterHuggins,9278,33,9,572,22,41,40,"[人文, 文化, 历史, 公开课, 世界史]"
81,28593191,【复旦大学慕课】《理想国》导读-丁耘 [字幕精华带标题],2018-08-05,挣硬币改昵称,8299,34,9,559,70,48,61,"[哲学, 公开课, 柏拉图, 理想国, 西方哲学, 复旦大学, 通识教育, 西方经典原著导读]"
92,33404869,复旦大学 国际金融,2018-10-08,天降伟人啊,5337,0,3,557,11,10,35,"[复旦大学, 线上课堂, 国际金融, 58讲]"
54,43992735,世界文明史通论【58集】(吴以义：复旦大学),2019-02-18,York1996,7828,38,8,544,25,26,61,"[中世纪基督教欧洲, 两河文明和埃及, 前六到二世纪的印度文明和佛教的起来, 探险时代, 古代中土文化]"
100,23819702,半导体器件原理（全）蒋玉龙 复旦大学 微电子器件（收藏关注私信领ppt课件）,2018-05-23,云墨一点,8002,16,6,537,20,27,55,"[考研, 教育, 复旦大学, 蒋玉龙, 半导体器件, 微电子器件]"
43,44515411,日本文明的历史变迁【43集】(冯玮：复旦大学),2019-02-23,York1996,5049,6,9,522,24,21,58,"[日本“西学”的演变, 儒教和律令制国家的形成, 日本的神道, 东亚秩序的演变, 日本的“三次远航”, 大和魂：武士道, 从九一八到太平洋战争, 日本的佛教, 日本文明的历史变迁—引言, 日本“国家三要素”的形成]"
86,40823200,【电子】半导体器件原理 复旦大学 蒋玉龙主讲,2019-01-15,言身寸Qc,2849,1,8,518,23,13,59,"[课程, 考研, 考试, 学习, 公开课, 微电子, 复旦, 器件]"
143,16268384,【生物化学】第七版 复旦大学 人卫版,2017-11-12,一良llll,5315,0,9,515,22,28,27,"[学习, 生物]"
48,53242946,【物理】统计力学 - 陈焱 （复旦大学）,2019-05-22,Man-United,2767,0,5,515,53,4,59,"[大学, 学习, 考研, 考试, 物理, 公开课, 陈焱, 大学物理, 统计力学, 复旦大学]"
67,33870372,半导体器件原理-网课专版-高清（复旦大学蒋玉龙教授）,2018-10-14,云墨一点,11345,76,15,468,49,57,107,"[考研, 课程, 教育, 复旦大学, 蒋玉龙, 半导体器件, 微电子器件]"
142,19399851,比较经济学 韦森 复旦,2018-02-10,下蛋狐狸,3652,11,3,468,18,14,20,"[课程, 经济学, 公开课]"
93,29185365,儿科学-复旦大学-桂永浩,2018-08-12,丰耳耳,7548,16,11,460,23,40,44,"[教育, 公开课, 国家精品课程, 儿科学]"
52,52027671,【复旦大学】量子力学,2019-05-13,,2413,5,11,454,63,12,64,"[科学, 课程, 量子力学, 物理, 量子, 物理学, 公开课, 复旦大学, 线上课堂]"
87,37372876,计量经济学【72集】（谢识予   主讲人单位：复旦大学）,2018-12-04,York1996,4769,4,5,447,23,15,39,"[经济学, 概率统计, 回归分析, 时间序列, 多元线性, 定式偏差, 多重共线性, 联立方程组, 面板数据分析, 二元选择模型]"
126,21093480,【复旦有机】王全瑞教授授课视频,2018-03-23,Bourne_C,5324,7,12,430,39,27,58,"[化学, 考试, 学习, 考研, 药学, 医学, 有机化学, 吕以仙]"
55,51631753,【复旦大学公开课】深度学习,2019-05-07,Akitsuki-,2240,0,4,411,12,11,38,"[科学, 神经网络, 课程, 人工智能, 公开课, 复旦大学, 机器学习, 复旦, 深度学习, DEEPLEARNING]"
125,23424832,复旦大学 王振复“周易文化研究”系列讲座 全27讲 主讲-王振复 视频教程,2018-05-14,choitsjilp,4327,2,4,409,10,16,25,[学习]
107,36478164,【科学技术哲学】复旦大学 科学哲学  主讲-张志林【全61讲】,2018-11-22,海鷗叔叔的孤島,2758,15,5,409,16,17,53,"[公开课, 科学技术哲学]"
140,23870721,复旦大学 《精神分析引论》导读 全46讲 主讲-陈学明 视频教程,2018-05-24,choitsjilp,2068,3,2,408,11,17,18,[学习]
99,24070072,复旦大学生理学,2018-05-28,巧克力milk,8513,17,12,400,30,47,74,[课程]
71,39735033,会计学原理—复旦大学–徐晔,2019-01-02,宝儿学堂,6479,14,6,391,23,24,58,"[财经, 教育, 考试, 学习, 会计, 线上课堂]"
106,40036005,西方美学经典导读【45集】(陆扬：复旦大学),2019-01-06,York1996,1902,1,1,383,6,9,16,"[死亡美学, 托马斯-阿奎那的美学, 希腊文化中的美, 西方美学经典导读专题, 上帝的形象, 中世纪美学]"
63,49979542,复旦大学公开课系列010: 用经济学智慧解读中国 石磊    全62讲,2019-04-21,蓝天手机,2294,24,6,354,11,7,38,"[人文, 中国, 经济学, 社会, 公开课, 经济, 复旦大学, 社会学, 复旦, 解读中国, 经济社会]"
114,37164000,复旦大学政治经济学 63讲,2018-12-01,绝望中年人,2404,2,1,339,6,10,20,"[教育, 学习, 课程, 公开课]"
115,29475495,【校级精品课程】计算机网络与网页制作_复旦大学,2018-08-16,JD之友,4356,2,10,318,16,24,34,"[课程, 计算机, 网络, 教育, 公开课, 复旦大学, 网页制作, dw, Dreamweaver, 计算机网络与网页制作]"
85,41274141,模拟电子学基础【68集】(张建秋：复旦大学),2019-01-21,York1996,4098,13,6,310,17,14,61,"[反馈, 直流稳压电源, 电路分析基础, 半导体器件, 集成放大器, 数字电路入门, Bridge Circuits, 信号处理电路, 晶体管放大器, 模拟电子学基础]"
116,27596965,【复旦大学/黄宣国】解析几何,2018-07-24,博格司马,4699,90,11,307,14,21,32,[搬运工也想要硬币]
123,31111019,【网络课程】计算机网络与网页制作(2016版)_复旦大学计算机应用能力水平测试(FCT)_复旦大学&高校邦,2018-09-05,JD之友,3301,5,8,287,12,24,19,"[考试, 课程, 计算机, 教育, 公开课, 复旦大学, Dreamweaver, FCT, 计算机网络与网页制作, 复旦大学计算机应用能力水平测试]"
141,20890257,【物理化学】复旦大学 范康年教授 教学视频（含结构化学）,2018-03-17,Bourne_C,3322,4,13,276,19,16,16,"[化学, 物理化学, 考研, 复旦, 结构化学]"
4,45674800,【数学专业课】高等代数学-复旦大学-谢启鸿-高清,2019-03-08,不开花的黑玫瑰,4275,4,9,275,43,7,48,"[数学, 教育, 课程, 学习, 校园vlog, 公开课, 高等代数]"
75,40593788,半导体器件物理-高清-复旦大学蒋玉龙老师,2019-01-13,起了个好听的名字,5694,24,5,273,50,23,49,"[考试, 学习, 视频教程, 课程, 考研, 教育]"
105,40293084,管理信息系统【85集】(黄丽华：复旦大学),2019-01-09,York1996,3062,3,3,265,11,6,26,"[云计算, 电子商务, 客户关系管理, 供应链管理, 从企业看管理信息系统, 通讯计算机网络与无线技术, 信息系统的价值, 信息系统开发, 信息管理安全, ERP系统]"
122,36840057,《金瓶梅》研究 复旦大学公开课（全34集）,2018-11-27,人文学科名师讲坛,2231,1,1,249,3,5,14,"[考研, 学习, 文学, 读书]"
104,40349207,半导体器件原理【85集】(蒋玉龙：复旦大学),2019-01-10,York1996,3127,33,11,235,6,11,33,"[MOSFET的基本特性, pn结的频率特性与开关特性, 半导体器件原理 绪论, 双极型晶体管, 小尺寸MOSFET的特性]"
113,38128875,原子物理学【52集】(封东来：复旦大学),2018-12-14,York1996,2861,10,11,214,10,15,36,"[量子力学, 波尔模型, 泡利原理, 多电子原子, 卢瑟福模型, 电子自旋]"
112,38492014,物理化学【87集】(范康年：复旦大学),2018-12-19,York1996,2717,1,6,212,12,6,25,"[固态, 分子间相互作用, 多原子分子结构, 共价键理论和双原子分子结构, 原子结构和原子光谱, 分子对称性和点群, 量子力学基础]"
111,40928594,西方马克思主义前沿问题研究【62集】(陈学明：复旦大学),2019-01-17,York1996,1830,7,8,210,11,14,22,[是]
103,41026983,中国法制史【71集】(郭建：复旦大学),2019-01-18,York1996,3418,6,0,195,6,8,18,"[春秋战国的法制, 隋唐五代的法制, 辽、金、西夏、元朝的法制, 中华民国时期的法制]"
44,58536353,复旦大学公开课——电动力学,2019-07-10,third_eye,729,0,1,183,11,3,17,"[物理, 课程, 公开课, 大学物理]"
124,23888207,半导体物理 蒋玉龙 复旦大学（私信up主领取ppt课件）,2018-05-25,云墨一点,5173,10,6,181,13,27,22,"[课程, 考研, 考试, 学习, 教育, 半导体物理, 复旦大学, 蒋玉龙, 半导体器件, 微电子器件]"
136,40267795,科学哲学【61集】(张志林：复旦大学),2019-01-09,York1996,1105,2,0,163,5,5,19,"[教学简纲, 科学与可证实性, 基于贝叶斯定理的科学方法论, 科学哲学的魅力, 科学研究纲领方法论, 范式与科学共同体, 科学与可否证性, 科学中的观察和实验]"
80,50966098,电动力学 周磊 复旦大学-HD,2019-04-30,时间众筹与转化,1730,8,7,151,30,6,30,"[物理, 公开课, 大学物理]"
121,44444497,信息经济学【53集】(陈钊：复旦大学),2019-02-23,York1996,1136,2,3,147,9,6,23,"[机制设计, 道德风险, 信息经济学, 信号发送与信息甄别, 不可验证性与机制设计, 企业内部激励机制, 信息经济学概述, 逆向选择, 不可验证性]"
139,33262401,复旦大学 高等有机化学 80讲,2018-10-06,宣大侠在此,2359,6,2,139,7,11,21,[化学]
91,53478774,【复旦大学】国际商务管理（全63讲）,2019-05-25,白稚卿,829,0,1,132,2,3,29,"[国际商务, 商务管理]"
138,33491661,【复旦大学】管理信息系统（全14讲）,2018-10-09,白稚卿,2449,1,2,125,1,9,9,"[管理系统, 信息系统]"
49,58366993,复旦大学西方哲学史 61讲  佘碧平主讲,2019-07-08,绝望中年人,315,0,3,122,12,1,24,"[教育, 学习, 课程, 公开课]"
134,45384832,《论语》《孟子》选读【48集】(白彤东：复旦大学),2019-03-05,York1996,1068,3,1,111,4,4,8,"[儒家, 能近取譬, 仁与知的关系, 仁与天、命的关系, 平等与等级的关系, 儒家政治思想, 仁的概念, 品读哲学经典的态度, 孔子与《论语》介绍]"
120,49961942,复旦大学公开课系列004: 物理化学 范康年 全183讲（2）,2019-04-21,蓝天手机,796,0,0,106,7,3,12,"[化学, 科学, 物理, 物理化学, 公开课, 复旦大学, 科研, 复旦, 理科, 创新]"
137,39991821,整数规划【35集】(孙小玲：复旦大学),2019-01-05,York1996,1564,5,9,103,7,3,22,"[Dynamic programming, Branch-and-Bound Met, Totally Unimodular M, Duality Theory, Integer programing m, Cutting Plane Method, Computational Comple, SDP relaxtion for 0-]"
132,48223196,【中英文字幕】网络游戏设计与开发  （复旦大学&上海戏剧学院）,2019-04-04,逆风微笑的代码狗,719,0,2,102,9,6,32,"[演讲, 教育, 考试, 学习, 讲座, 编程]"
133,47485845,复旦大学 政治经济学 全63讲 主讲-张晖明 视频教程,2019-03-27,如我所示,713,0,0,98,0,1,7,"[演讲, 讲座, 教育, 学习, 公开课, 线上课堂]"
135,45349779,抽象艺术学【51集】(许德民：复旦大学),2019-03-04,York1996,1222,7,1,85,4,6,11,"[你幸福吗？, 西方当代抽象艺术, 抽象艺术的价值标准, 抽象艺术历史论, 世界架上抽象艺术历史, 中国当代抽象艺术, 抽象艺术摄影, 抽象艺术作品欣赏, 抽象艺术本体论, 西方抽象艺术思想史]"
79,56604144,量子力学-63讲-复旦大学  苏汝铿,2019-06-23,third_eye,406,0,2,84,3,2,12,"[课程, 量子力学, 教育, 物理, 公开课, 复旦大学]"
131,49947459,复旦大学公开课系列002: 国际金融 殷醒民 全58讲,2019-04-20,蓝天手机,474,0,0,75,2,0,7,"[经济学, 金融, 公开课, 银行, 国际贸易, 国际, 金融学, 复旦大学, 国际金融, 银行学]"
78,56614304,高等量子力学-选学-44讲-复旦大学  苏汝铿,2019-06-23,third_eye,337,0,4,73,10,1,15,"[教育, 物理, 量子力学, 公开课, 复旦大学]"
130,49976377,复旦大学公开课系列009: 数据结构C++ 王宇君 全41讲,2019-04-21,蓝天手机,656,1,0,58,1,0,2,"[计算机, 算法, C语言, C++, 公开课, 编程, 复旦, 复旦大学, 数据结构, 程序猿]"
90,57155238,复旦大学公开课——热力学与统计物体学,2019-06-28,third_eye,170,0,0,54,7,1,7,"[课程, 公开课]"
74,58353266,复旦大学 张敬海主讲-数字逻辑基础（全 57讲）,2019-07-08,澜斯洛特,197,0,1,29,6,2,13,"[教育, 学习, 课程, 公开课, 数字电路基础, 复旦大学, 线上课堂]"
119,57517493,复旦大学公开课——热力学与统计物体学,2019-07-02,third_eye,80,0,0,27,1,2,5,"[大学, 公开课]"
98,58944956,复旦大学公开课——热力学与统计物体学,2019-07-13,third_eye,63,0,0,18,0,1,4,"[学习, 大学, 公开课]"
102,58260198,数学分析复旦（王坤杨）,2019-07-08,辣椒茄子土豆,186,0,0,14,0,2,2,[数学]
84,59393868,复旦大学 模拟电子学基础 主讲-张建秋（全68讲）,2019-07-16,拟像化的伊里奇,71,0,0,10,0,0,2,"[教育, 学习, 课程, 公开课, 模拟电子学, 电子电力, 复旦大学, 模电, 电子, 线上课堂]"
147,58704549,【大学优质课程】复旦大学 马克思主义哲学史 吴晓明教授,2019-07-11,学思阁XSG,68,0,0,3,0,0,0,"[演讲, 人文, 讲座, 大学, 课程, 学习, 公开课, 复旦大学, 大学生, 复旦, 马克思]"
60,59618375,半导体物理公开课（复旦大学蒋玉龙),2019-07-18,the云端漫步者,49,0,1,2,2,0,1,"[自学, 教育, 课程, 考研, 学习, 半导体物理, 复旦大学, 专业课]"
